{
  "X_norm_params": {
    "mean": [
      0.002405481389131752,
      0.057972488465551676,
      0.06083313521583819,
      0.016193081778116694,
      2.999404893810947
    ],
    "std": [
      5.727125023276839,
      4.298444846897209,
      5.701479203351687,
      4.327192742558381,
      0.1148647596472722
    ]
  },
  "y_norm_params": {
    "v0_mean": 14.205579783508373,
    "v0_std": 3.9205584578740464,
    "theta_pitch_scale": 1.5707963267948966,
    "theta_yaw_scale": 3.141592653589793
  }
}