{
  "X_norm_params": {
    "mean": [
      -0.0241082180932949,
      0.00699424296447459,
      0.04015043820277149,
      0.0863211093963686,
      3.0003092012562806
    ],
    "std": [
      5.771264245740831,
      4.344985251726957,
      5.791658115910457,
      4.329932407427935,
      0.11448130212410167
    ]
  },
  "y_norm_params": {
    "v0_mean": 14.24911828076397,
    "v0_std": 3.93277999769691,
    "theta_pitch_scale": 1.5707963267948966,
    "theta_yaw_scale": 3.141592653589793
  }
}